{"accuracy": 0.98, "_timestamp": 1723989540.2440886, "_runtime": 193.20416069030762, "_step": 99, "_wandb": {"runtime": 191}}