{"accuracy": 0.9866666666666667, "_timestamp": 1724067049.319957, "_runtime": 2125.334072113037, "_step": 999, "_wandb": {"runtime": 2124}}