{"accuracy": 0.96, "_timestamp": 1719479191.7669568, "_runtime": 4.4628167152404785, "_step": 2, "_wandb": {"runtime": 1}}