{"accuracy": 0.98, "_timestamp": 1719728240.8157215, "_runtime": 25.184638500213623, "_step": 9, "_wandb": {"runtime": 22}}