{"accuracy": 0.9466666666666667, "_timestamp": 1719478039.8720555, "_runtime": 11.822614431381226, "_step": 9, "_wandb": {"runtime": 10}}