{"score": 0.9666666666666667, "_timestamp": 1719478728.7330594, "_runtime": 9.30519151687622, "_step": 99, "_wandb": {"runtime": 1}}