{"accuracy": 0.96, "_timestamp": 1723993334.808486, "_runtime": 163.64723300933838, "_step": 99, "_wandb": {"runtime": 160}}