{"accuracy": 0.9333333333333332, "_timestamp": 1719477425.3398955, "_runtime": 94.7678325176239, "_step": 99, "_wandb": {"runtime": 92}}