{"accuracy": 0.96, "_timestamp": 1719727762.3014274, "_runtime": 3.999500274658203, "_step": 0, "_wandb": {"runtime": 1}}