{"accuracy": 0.9666666666666667, "_timestamp": 1719477547.1609623, "_runtime": 78.73914623260498, "_step": 99, "_wandb": {"runtime": 75}}