{"accuracy": 0.9866666666666667, "_timestamp": 1719476967.8130643, "_runtime": 31.898919343948364, "_step": 99, "_wandb": {"runtime": 29}}