{"accuracy": 0.9866666666666667, "_timestamp": 1719477992.9490938, "_runtime": 39.69784092903137, "_step": 99, "_wandb": {"runtime": 35}}