{"accuracy": 0.96, "_timestamp": 1719727923.8451273, "_runtime": 4.109089374542236, "_step": 0, "_wandb": {"runtime": 1}}