{"accuracy": 0.9533333333333333, "_timestamp": 1719727669.06537, "_runtime": 12.44916319847107, "_step": 9, "_wandb": {"runtime": 9}}