{"accuracy": 0.9733333333333333, "_timestamp": 1719478135.9526284, "_runtime": 14.300557374954224, "_step": 9, "_wandb": {"runtime": 12}}