{"accuracy": 0.98, "_timestamp": 1719478112.078827, "_runtime": 35.81715798377991, "_step": 44, "_wandb": {"runtime": 34}}