{"accuracy": 0.98, "_timestamp": 1724064894.7433522, "_runtime": 255.4971342086792, "_step": 99, "_wandb": {"runtime": 253}}