{"accuracy": 0.98, "_timestamp": 1719477303.3704157, "_runtime": 88.93260478973389, "_step": 99, "_wandb": {"runtime": 86}}