{"accuracy": 0.9733333333333333, "_timestamp": 1719727866.9995236, "_runtime": 8.424402713775635, "_step": 9, "_wandb": {"runtime": 5}}