{"accuracy": 0.96, "_timestamp": 1719728286.3557992, "_runtime": 21.058128118515015, "_step": 9, "_wandb": {"runtime": 17}}