{"accuracy": 0.9533333333333333, "_timestamp": 1719478981.0518842, "_runtime": 11.899608135223389, "_step": 9, "_wandb": {"runtime": 9}}