{"accuracy": 0.9733333333333333, "_timestamp": 1719728174.6409316, "_runtime": 11.540257692337036, "_step": 9, "_wandb": {"runtime": 8}}