{"accuracy": 0.9466666666666667, "_timestamp": 1725288539.1486652, "_runtime": 1846.8881022930145, "_step": 999, "_wandb": {"runtime": 1843}}