{"loss": 0.2839548885822296, "_timestamp": 1718797472.833487, "_runtime": 69.2888970375061, "_step": 1876, "epoch": 0, "acc": 98.52, "test_predictions": {"_type": "table-file", "sha256": "6926b858e2ed44f1acb602c7f97cc3c0096d99be654b08061b48333727e876ae", "size": 81236, "artifact_path": "wandb-client-artifact://zbzwzq8kegmjveap7f4mc5zz94ka67x5dawocyp9xh53xj36uyvd5sddt46cm64uclmd24vp7i6km9010xjdnpyh3xte8ql92928gp0fqmcpp51553tfh4bbhdemi2g2/test_predictions.table.json", "_latest_artifact_path": "wandb-client-artifact://e0ejxoqeyqt1yinobpgcbhpkw5r6zky1gw5cfe73bp07047vz85f58lzat2z4s0753xs5si8cf8pja61nt8nj82erq9uyf0h2o5q6whkg0nzrkgne5cf0b3gteiev9vh:latest/test_predictions.table.json", "path": "media/table/test_predictions_1876_6926b858e2ed44f1acb6.table.json", "ncols": 14, "nrows": 320}, "_wandb": {"runtime": 76}}