{"accuracy": 0.9733333333333333, "_timestamp": 1719476834.7676852, "_runtime": 34.70668315887451, "_step": 99, "_wandb": {"runtime": 31}}