{"accuracy": 0.9866666666666667, "_timestamp": 1723723905.6755362, "_runtime": 10.90030026435852, "_step": 9, "_wandb": {"runtime": 9}}