{"accuracy": 0.66, "_timestamp": 1723993049.332341, "_runtime": 4.132204055786133, "_step": 0, "_wandb": {"runtime": 0}}